<?xml version="1.0" encoding="UTF-8"?>
<services-config>

    <services>
        <service-include file-path="remoting-config.xml" />
        <service-include file-path="messaging-config.xml" />
        <service-include file-path="dynamic-remoting-config.xml" />
    </services>
	

    <channels>

        <channel-definition id="my-amf" class="mx.messaging.channels.AMFChannel">
            <endpoint uri="weborb.wo" class="flex.messaging.endpoints.AMFEndpoint"/>
            <properties>
                <polling-enabled>false</polling-enabled>
            </properties>
        </channel-definition>
		
		<channel-definition id="my-http" class="mx.messaging.channels.HTTPChannel">
            <endpoint url="weborb.wo" class="flex.messaging.endpoints.HTTPEndpoint"/>
        </channel-definition>
        
        <channel-definition id="my-polling-amf" class="mx.messaging.channels.AMFChannel">
            <endpoint uri="weborb.wo" class="flex.messaging.endpoints.AMFEndpoint"/>
            <properties>
                <polling-enabled>true</polling-enabled>
                <polling-interval-seconds>1</polling-interval-seconds>
            </properties>
        </channel-definition>              

        <channel-definition id="session-channel" class="mx.messaging.channels.AMFChannel">
            <endpoint uri="weborb.wo?activate=session" class="flex.messaging.endpoints.AMFEndpoint"/>
            <properties>
                <polling-enabled>false</polling-enabled>
            </properties>
        </channel-definition>

        <channel-definition id="singleton-channel" class="mx.messaging.channels.AMFChannel">
            <endpoint uri="weborb.wo?activate=application" class="flex.messaging.endpoints.AMFEndpoint"/>
            <properties>
                <polling-enabled>false</polling-enabled>
            </properties>
        </channel-definition>

        <channel-definition id="my-secure-amf" class="mx.messaging.channels.SecureAMFChannel">
            <endpoint uri="weborb.wo" class="flex.messaging.endpoints.SecureAMFEndpoint"/>
        </channel-definition>
    </channels>
</services-config>
